[
{
    "model": "contenttypes.contenttype",
    "pk": 1,
    "fields": {
        "app_label": "admin",
        "model": "logentry"
    }
},
{
    "model": "contenttypes.contenttype",
    "pk": 2,
    "fields": {
        "app_label": "auth",
        "model": "permission"
    }
},
{
    "model": "contenttypes.contenttype",
    "pk": 3,
    "fields": {
        "app_label": "auth",
        "model": "group"
    }
},
{
    "model": "contenttypes.contenttype",
    "pk": 4,
    "fields": {
        "app_label": "auth",
        "model": "user"
    }
},
{
    "model": "contenttypes.contenttype",
    "pk": 5,
    "fields": {
        "app_label": "contenttypes",
        "model": "contenttype"
    }
},
{
    "model": "contenttypes.contenttype",
    "pk": 6,
    "fields": {
        "app_label": "sessions",
        "model": "session"
    }
},
{
    "model": "contenttypes.contenttype",
    "pk": 7,
    "fields": {
        "app_label": "firstapp",
        "model": "author"
    }
},
{
    "model": "contenttypes.contenttype",
    "pk": 8,
    "fields": {
        "app_label": "firstapp",
        "model": "book"
    }
},
{
    "model": "contenttypes.contenttype",
    "pk": 9,
    "fields": {
        "app_label": "firstapp",
        "model": "genre"
    }
},
{
    "model": "contenttypes.contenttype",
    "pk": 10,
    "fields": {
        "app_label": "firstapp",
        "model": "course"
    }
},
{
    "model": "contenttypes.contenttype",
    "pk": 11,
    "fields": {
        "app_label": "firstapp",
        "model": "student"
    }
},
{
    "model": "contenttypes.contenttype",
    "pk": 12,
    "fields": {
        "app_label": "firstapp",
        "model": "profile"
    }
},
{
    "model": "contenttypes.contenttype",
    "pk": 13,
    "fields": {
        "app_label": "firstapp",
        "model": "feedback"
    }
},
{
    "model": "sessions.session",
    "pk": "3e14e6vvmawrgxxttqvq37wxnaeufdf0",
    "fields": {
        "session_data": "N2UwYmI5YjUwNWFhZWEyZGNhNjllZTcyODUzODc4ZmNkMDg3MjQ2ZTp7Il9hdXRoX3VzZXJfaWQiOiIxIiwiX2F1dGhfdXNlcl9iYWNrZW5kIjoiZGphbmdvLmNvbnRyaWIuYXV0aC5iYWNrZW5kcy5Nb2RlbEJhY2tlbmQiLCJfYXV0aF91c2VyX2hhc2giOiI1OThlYzYwMTk1YjliZGNhMzJhNWNhMGNlMTQ5MzM5NjMwNDkzODRmIn0=",
        "expire_date": "2020-06-02T20:15:09.389Z"
    }
},
{
    "model": "sessions.session",
    "pk": "85slfntuchnxmkeywx01winn68ics8ie",
    "fields": {
        "session_data": "MTg2NTg4MGIxMTBmZmMxMWU4OTIzYzFmNTMxMjg5NzhiY2E5YjZkMjp7fQ==",
        "expire_date": "2020-06-01T16:24:43.887Z"
    }
},
{
    "model": "sessions.session",
    "pk": "hy19u1lorohkqggsor7wxkvfg2lvf99i",
    "fields": {
        "session_data": "MTg2NTg4MGIxMTBmZmMxMWU4OTIzYzFmNTMxMjg5NzhiY2E5YjZkMjp7fQ==",
        "expire_date": "2020-06-02T14:04:29.181Z"
    }
},
{
    "model": "sessions.session",
    "pk": "jc3tb3kzfor3tajvsi31wjuebotbdmo3",
    "fields": {
        "session_data": "MTg2NTg4MGIxMTBmZmMxMWU4OTIzYzFmNTMxMjg5NzhiY2E5YjZkMjp7fQ==",
        "expire_date": "2020-06-01T16:29:35.333Z"
    }
},
{
    "model": "sessions.session",
    "pk": "ryzxjnjxx343moxjxzljigcyeo1sz0d0",
    "fields": {
        "session_data": "N2UwYmI5YjUwNWFhZWEyZGNhNjllZTcyODUzODc4ZmNkMDg3MjQ2ZTp7Il9hdXRoX3VzZXJfaWQiOiIxIiwiX2F1dGhfdXNlcl9iYWNrZW5kIjoiZGphbmdvLmNvbnRyaWIuYXV0aC5iYWNrZW5kcy5Nb2RlbEJhY2tlbmQiLCJfYXV0aF91c2VyX2hhc2giOiI1OThlYzYwMTk1YjliZGNhMzJhNWNhMGNlMTQ5MzM5NjMwNDkzODRmIn0=",
        "expire_date": "2020-06-03T10:02:14.057Z"
    }
},
{
    "model": "sessions.session",
    "pk": "wt6zlln9qpclwwkfexuaoanl4ylqzx03",
    "fields": {
        "session_data": "MTg2NTg4MGIxMTBmZmMxMWU4OTIzYzFmNTMxMjg5NzhiY2E5YjZkMjp7fQ==",
        "expire_date": "2020-06-02T16:19:56.867Z"
    }
},
{
    "model": "firstapp.author",
    "pk": 1,
    "fields": {
        "name": "Lermontov"
    }
},
{
    "model": "firstapp.author",
    "pk": 2,
    "fields": {
        "name": "Lermontov"
    }
},
{
    "model": "firstapp.author",
    "pk": 3,
    "fields": {
        "name": "Lermontov"
    }
},
{
    "model": "firstapp.author",
    "pk": 4,
    "fields": {
        "name": "Lermontov"
    }
},
{
    "model": "firstapp.author",
    "pk": 5,
    "fields": {
        "name": "Lermontov"
    }
},
{
    "model": "firstapp.author",
    "pk": 6,
    "fields": {
        "name": "23"
    }
},
{
    "model": "firstapp.author",
    "pk": 7,
    "fields": {
        "name": "daw"
    }
},
{
    "model": "firstapp.author",
    "pk": 8,
    "fields": {
        "name": "23"
    }
},
{
    "model": "firstapp.author",
    "pk": 9,
    "fields": {
        "name": "23"
    }
},
{
    "model": "firstapp.author",
    "pk": 10,
    "fields": {
        "name": "1"
    }
},
{
    "model": "firstapp.author",
    "pk": 11,
    "fields": {
        "name": "hhh"
    }
},
{
    "model": "firstapp.author",
    "pk": 12,
    "fields": {
        "name": "h"
    }
},
{
    "model": "firstapp.author",
    "pk": 13,
    "fields": {
        "name": "a"
    }
},
{
    "model": "firstapp.author",
    "pk": 14,
    "fields": {
        "name": "c"
    }
},
{
    "model": "firstapp.author",
    "pk": 15,
    "fields": {
        "name": "23"
    }
},
{
    "model": "firstapp.author",
    "pk": 16,
    "fields": {
        "name": "Lermontov"
    }
},
{
    "model": "firstapp.author",
    "pk": 17,
    "fields": {
        "name": "23"
    }
},
{
    "model": "firstapp.author",
    "pk": 18,
    "fields": {
        "name": "Lermontov"
    }
},
{
    "model": "firstapp.genre",
    "pk": 1,
    "fields": {
        "name": "Genre"
    }
},
{
    "model": "firstapp.genre",
    "pk": 2,
    "fields": {
        "name": "Genre"
    }
},
{
    "model": "firstapp.genre",
    "pk": 3,
    "fields": {
        "name": "Genre"
    }
},
{
    "model": "firstapp.book",
    "pk": 20,
    "fields": {
        "name": "test4",
        "age": 4,
        "author": [
            4
        ],
        "genre": [
            1
        ]
    }
},
{
    "model": "firstapp.book",
    "pk": 22,
    "fields": {
        "name": "test3",
        "age": 2,
        "author": [
            2
        ],
        "genre": [
            2
        ]
    }
},
{
    "model": "firstapp.book",
    "pk": 24,
    "fields": {
        "name": "Lermontov",
        "age": 2,
        "author": [
            18
        ],
        "genre": [
            3
        ]
    }
},
{
    "model": "firstapp.book",
    "pk": 35,
    "fields": {
        "name": "null",
        "age": 0,
        "author": [],
        "genre": []
    }
},
{
    "model": "firstapp.course",
    "pk": 1,
    "fields": {
        "name": "Math",
        "stage": 1
    }
},
{
    "model": "firstapp.course",
    "pk": 2,
    "fields": {
        "name": "Prog",
        "stage": 2
    }
},
{
    "model": "firstapp.course",
    "pk": 3,
    "fields": {
        "name": "English",
        "stage": 1
    }
},
{
    "model": "firstapp.course",
    "pk": 4,
    "fields": {
        "name": "Russian",
        "stage": 3
    }
},
{
    "model": "firstapp.course",
    "pk": 5,
    "fields": {
        "name": "Driving",
        "stage": 4
    }
},
{
    "model": "firstapp.feedback",
    "pk": 16,
    "fields": {
        "email_reply_capt": "",
        "email_reply_text": "http://127.0.0.1:8000/confirmation/24c9e15e52afc47c225b757e7bee1f9d",
        "email_reply_date": "2020-05-19T20:22:39Z",
        "email_reply_adress": [
            20
        ]
    }
},
{
    "model": "firstapp.feedback",
    "pk": 17,
    "fields": {
        "email_reply_capt": "",
        "email_reply_text": "http://127.0.0.1:8000/confirmation/7e58d63b60197ceb55a1c487989a3720",
        "email_reply_date": "2020-05-19T20:27:57Z",
        "email_reply_adress": [
            20
        ]
    }
},
{
    "model": "auth.permission",
    "pk": 1,
    "fields": {
        "name": "Can add log entry",
        "content_type": 1,
        "codename": "add_logentry"
    }
},
{
    "model": "auth.permission",
    "pk": 2,
    "fields": {
        "name": "Can change log entry",
        "content_type": 1,
        "codename": "change_logentry"
    }
},
{
    "model": "auth.permission",
    "pk": 3,
    "fields": {
        "name": "Can delete log entry",
        "content_type": 1,
        "codename": "delete_logentry"
    }
},
{
    "model": "auth.permission",
    "pk": 4,
    "fields": {
        "name": "Can view log entry",
        "content_type": 1,
        "codename": "view_logentry"
    }
},
{
    "model": "auth.permission",
    "pk": 5,
    "fields": {
        "name": "Can add permission",
        "content_type": 2,
        "codename": "add_permission"
    }
},
{
    "model": "auth.permission",
    "pk": 6,
    "fields": {
        "name": "Can change permission",
        "content_type": 2,
        "codename": "change_permission"
    }
},
{
    "model": "auth.permission",
    "pk": 7,
    "fields": {
        "name": "Can delete permission",
        "content_type": 2,
        "codename": "delete_permission"
    }
},
{
    "model": "auth.permission",
    "pk": 8,
    "fields": {
        "name": "Can view permission",
        "content_type": 2,
        "codename": "view_permission"
    }
},
{
    "model": "auth.permission",
    "pk": 9,
    "fields": {
        "name": "Can add group",
        "content_type": 3,
        "codename": "add_group"
    }
},
{
    "model": "auth.permission",
    "pk": 10,
    "fields": {
        "name": "Can change group",
        "content_type": 3,
        "codename": "change_group"
    }
},
{
    "model": "auth.permission",
    "pk": 11,
    "fields": {
        "name": "Can delete group",
        "content_type": 3,
        "codename": "delete_group"
    }
},
{
    "model": "auth.permission",
    "pk": 12,
    "fields": {
        "name": "Can view group",
        "content_type": 3,
        "codename": "view_group"
    }
},
{
    "model": "auth.permission",
    "pk": 13,
    "fields": {
        "name": "Can add user",
        "content_type": 4,
        "codename": "add_user"
    }
},
{
    "model": "auth.permission",
    "pk": 14,
    "fields": {
        "name": "Can change user",
        "content_type": 4,
        "codename": "change_user"
    }
},
{
    "model": "auth.permission",
    "pk": 15,
    "fields": {
        "name": "Can delete user",
        "content_type": 4,
        "codename": "delete_user"
    }
},
{
    "model": "auth.permission",
    "pk": 16,
    "fields": {
        "name": "Can view user",
        "content_type": 4,
        "codename": "view_user"
    }
},
{
    "model": "auth.permission",
    "pk": 17,
    "fields": {
        "name": "Can add content type",
        "content_type": 5,
        "codename": "add_contenttype"
    }
},
{
    "model": "auth.permission",
    "pk": 18,
    "fields": {
        "name": "Can change content type",
        "content_type": 5,
        "codename": "change_contenttype"
    }
},
{
    "model": "auth.permission",
    "pk": 19,
    "fields": {
        "name": "Can delete content type",
        "content_type": 5,
        "codename": "delete_contenttype"
    }
},
{
    "model": "auth.permission",
    "pk": 20,
    "fields": {
        "name": "Can view content type",
        "content_type": 5,
        "codename": "view_contenttype"
    }
},
{
    "model": "auth.permission",
    "pk": 21,
    "fields": {
        "name": "Can add session",
        "content_type": 6,
        "codename": "add_session"
    }
},
{
    "model": "auth.permission",
    "pk": 22,
    "fields": {
        "name": "Can change session",
        "content_type": 6,
        "codename": "change_session"
    }
},
{
    "model": "auth.permission",
    "pk": 23,
    "fields": {
        "name": "Can delete session",
        "content_type": 6,
        "codename": "delete_session"
    }
},
{
    "model": "auth.permission",
    "pk": 24,
    "fields": {
        "name": "Can view session",
        "content_type": 6,
        "codename": "view_session"
    }
},
{
    "model": "auth.permission",
    "pk": 25,
    "fields": {
        "name": "Can add author",
        "content_type": 7,
        "codename": "add_author"
    }
},
{
    "model": "auth.permission",
    "pk": 26,
    "fields": {
        "name": "Can change author",
        "content_type": 7,
        "codename": "change_author"
    }
},
{
    "model": "auth.permission",
    "pk": 27,
    "fields": {
        "name": "Can delete author",
        "content_type": 7,
        "codename": "delete_author"
    }
},
{
    "model": "auth.permission",
    "pk": 28,
    "fields": {
        "name": "Can view author",
        "content_type": 7,
        "codename": "view_author"
    }
},
{
    "model": "auth.permission",
    "pk": 29,
    "fields": {
        "name": "Can add book",
        "content_type": 8,
        "codename": "add_book"
    }
},
{
    "model": "auth.permission",
    "pk": 30,
    "fields": {
        "name": "Can change book",
        "content_type": 8,
        "codename": "change_book"
    }
},
{
    "model": "auth.permission",
    "pk": 31,
    "fields": {
        "name": "Can delete book",
        "content_type": 8,
        "codename": "delete_book"
    }
},
{
    "model": "auth.permission",
    "pk": 32,
    "fields": {
        "name": "Can view book",
        "content_type": 8,
        "codename": "view_book"
    }
},
{
    "model": "auth.permission",
    "pk": 33,
    "fields": {
        "name": "Can add genre",
        "content_type": 9,
        "codename": "add_genre"
    }
},
{
    "model": "auth.permission",
    "pk": 34,
    "fields": {
        "name": "Can change genre",
        "content_type": 9,
        "codename": "change_genre"
    }
},
{
    "model": "auth.permission",
    "pk": 35,
    "fields": {
        "name": "Can delete genre",
        "content_type": 9,
        "codename": "delete_genre"
    }
},
{
    "model": "auth.permission",
    "pk": 36,
    "fields": {
        "name": "Can view genre",
        "content_type": 9,
        "codename": "view_genre"
    }
},
{
    "model": "auth.permission",
    "pk": 37,
    "fields": {
        "name": "Can add course",
        "content_type": 10,
        "codename": "add_course"
    }
},
{
    "model": "auth.permission",
    "pk": 38,
    "fields": {
        "name": "Can change course",
        "content_type": 10,
        "codename": "change_course"
    }
},
{
    "model": "auth.permission",
    "pk": 39,
    "fields": {
        "name": "Can delete course",
        "content_type": 10,
        "codename": "delete_course"
    }
},
{
    "model": "auth.permission",
    "pk": 40,
    "fields": {
        "name": "Can view course",
        "content_type": 10,
        "codename": "view_course"
    }
},
{
    "model": "auth.permission",
    "pk": 41,
    "fields": {
        "name": "Can add student",
        "content_type": 11,
        "codename": "add_student"
    }
},
{
    "model": "auth.permission",
    "pk": 42,
    "fields": {
        "name": "Can change student",
        "content_type": 11,
        "codename": "change_student"
    }
},
{
    "model": "auth.permission",
    "pk": 43,
    "fields": {
        "name": "Can delete student",
        "content_type": 11,
        "codename": "delete_student"
    }
},
{
    "model": "auth.permission",
    "pk": 44,
    "fields": {
        "name": "Can view student",
        "content_type": 11,
        "codename": "view_student"
    }
},
{
    "model": "auth.permission",
    "pk": 45,
    "fields": {
        "name": "Can add profile",
        "content_type": 12,
        "codename": "add_profile"
    }
},
{
    "model": "auth.permission",
    "pk": 46,
    "fields": {
        "name": "Can change profile",
        "content_type": 12,
        "codename": "change_profile"
    }
},
{
    "model": "auth.permission",
    "pk": 47,
    "fields": {
        "name": "Can delete profile",
        "content_type": 12,
        "codename": "delete_profile"
    }
},
{
    "model": "auth.permission",
    "pk": 48,
    "fields": {
        "name": "Can view profile",
        "content_type": 12,
        "codename": "view_profile"
    }
},
{
    "model": "auth.permission",
    "pk": 49,
    "fields": {
        "name": "Can add feedback",
        "content_type": 13,
        "codename": "add_feedback"
    }
},
{
    "model": "auth.permission",
    "pk": 50,
    "fields": {
        "name": "Can change feedback",
        "content_type": 13,
        "codename": "change_feedback"
    }
},
{
    "model": "auth.permission",
    "pk": 51,
    "fields": {
        "name": "Can delete feedback",
        "content_type": 13,
        "codename": "delete_feedback"
    }
},
{
    "model": "auth.permission",
    "pk": 52,
    "fields": {
        "name": "Can view feedback",
        "content_type": 13,
        "codename": "view_feedback"
    }
},
{
    "model": "auth.group",
    "pk": 1,
    "fields": {
        "name": "appusers",
        "permissions": []
    }
},
{
    "model": "auth.user",
    "pk": 1,
    "fields": {
        "password": "pbkdf2_sha256$180000$nMQuZkAeMZb6$SmCRPZC6L2RzaQ7wPl84zZCiCBo3a9Bc9MjEn2jswxc=",
        "last_login": "2020-05-20T10:02:14.052Z",
        "is_superuser": true,
        "username": "admin",
        "first_name": "",
        "last_name": "",
        "email": "ilyatsv0702@gmail.com",
        "is_staff": true,
        "is_active": true,
        "date_joined": "2020-05-18T15:01:18Z",
        "groups": [],
        "user_permissions": []
    }
},
{
    "model": "auth.user",
    "pk": 14,
    "fields": {
        "password": "pbkdf2_sha256$180000$8vPfdyPzwV7g$MIJLy43eRN29fOVGiqiUVhdD7PwPlL253rlmGaZf1h8=",
        "last_login": "2020-05-20T10:00:53.711Z",
        "is_superuser": false,
        "username": "ilyatsv",
        "first_name": "",
        "last_name": "",
        "email": "ilyatsv0702@gmail.com",
        "is_staff": false,
        "is_active": true,
        "date_joined": "2020-05-19T16:30:24.514Z",
        "groups": [],
        "user_permissions": []
    }
},
{
    "model": "auth.user",
    "pk": 19,
    "fields": {
        "password": "pbkdf2_sha256$180000$YtZkoJObeDh9$wv675SZK8luMOXrig1UOIQ1DspEj4z2iSYSIPJJXqrw=",
        "last_login": "2020-05-19T20:23:11.461Z",
        "is_superuser": false,
        "username": "user1",
        "first_name": "",
        "last_name": "",
        "email": "ilyatsv0702@gmail.com",
        "is_staff": false,
        "is_active": true,
        "date_joined": "2020-05-19T20:08:23.393Z",
        "groups": [],
        "user_permissions": []
    }
},
{
    "model": "auth.user",
    "pk": 20,
    "fields": {
        "password": "pbkdf2_sha256$180000$dJPgs2VNI1wO$VrfvU7tUusF0X1I7FkEY3hPR4NtLA32ET4EefLrDko8=",
        "last_login": "2020-05-19T20:11:43.815Z",
        "is_superuser": false,
        "username": "user123",
        "first_name": "",
        "last_name": "",
        "email": "ilyatsv0702@gmail.com",
        "is_staff": false,
        "is_active": true,
        "date_joined": "2020-05-19T20:10:26.844Z",
        "groups": [],
        "user_permissions": []
    }
},
{
    "model": "auth.user",
    "pk": 21,
    "fields": {
        "password": "pbkdf2_sha256$180000$XRYLEWZ345wY$H9+dRWxtGQxbDUc8VWodcPuLZ6L4Nr8p/Fv8gOFCbEg=",
        "last_login": "2020-05-19T20:27:46.835Z",
        "is_superuser": false,
        "username": "user2",
        "first_name": "",
        "last_name": "",
        "email": "ilyatsv0702@gmail.com",
        "is_staff": false,
        "is_active": true,
        "date_joined": "2020-05-19T20:14:53.971Z",
        "groups": [],
        "user_permissions": []
    }
},
{
    "model": "auth.user",
    "pk": 22,
    "fields": {
        "password": "pbkdf2_sha256$180000$QAdZmg65tDoX$AtLbvJGC6Z5vGZwgmGiW2DX+5wJTdzIPk7JTjkusw/M=",
        "last_login": "2020-05-19T20:33:58.167Z",
        "is_superuser": false,
        "username": "user23",
        "first_name": "",
        "last_name": "",
        "email": "ilyatsv0702@gmail.com",
        "is_staff": false,
        "is_active": true,
        "date_joined": "2020-05-19T20:33:57.859Z",
        "groups": [],
        "user_permissions": []
    }
},
{
    "model": "firstapp.student",
    "pk": 22,
    "fields": {
        "name": "Ilya",
        "age": 2,
        "user": 21,
        "stbool": true,
        "course": []
    }
},
{
    "model": "firstapp.student",
    "pk": 24,
    "fields": {
        "name": "231",
        "age": 32,
        "user": 1,
        "stbool": true,
        "course": [
            1
        ]
    }
},
{
    "model": "firstapp.student",
    "pk": 35,
    "fields": {
        "name": "Lermontov",
        "age": 32,
        "user": 14,
        "stbool": true,
        "course": []
    }
},
{
    "model": "firstapp.profile",
    "pk": 1,
    "fields": {
        "user": 1,
        "verified": true
    }
},
{
    "model": "firstapp.profile",
    "pk": 13,
    "fields": {
        "user": 14,
        "verified": true
    }
},
{
    "model": "firstapp.profile",
    "pk": 18,
    "fields": {
        "user": 19,
        "verified": true
    }
},
{
    "model": "firstapp.profile",
    "pk": 19,
    "fields": {
        "user": 20,
        "verified": true
    }
},
{
    "model": "firstapp.profile",
    "pk": 20,
    "fields": {
        "user": 21,
        "verified": true
    }
},
{
    "model": "firstapp.profile",
    "pk": 21,
    "fields": {
        "user": 22,
        "verified": false
    }
},
{
    "model": "admin.logentry",
    "pk": 1,
    "fields": {
        "action_time": "2020-05-18T16:27:36.507Z",
        "user": 1,
        "content_type": 4,
        "object_id": "2",
        "object_repr": "user123",
        "action_flag": 3,
        "change_message": ""
    }
},
{
    "model": "admin.logentry",
    "pk": 2,
    "fields": {
        "action_time": "2020-05-18T16:27:36.537Z",
        "user": 1,
        "content_type": 4,
        "object_id": "3",
        "object_repr": "user12314532222",
        "action_flag": 3,
        "change_message": ""
    }
},
{
    "model": "admin.logentry",
    "pk": 3,
    "fields": {
        "action_time": "2020-05-18T16:30:18.336Z",
        "user": 1,
        "content_type": 4,
        "object_id": "4",
        "object_repr": "user1",
        "action_flag": 3,
        "change_message": ""
    }
},
{
    "model": "admin.logentry",
    "pk": 4,
    "fields": {
        "action_time": "2020-05-18T16:30:18.339Z",
        "user": 1,
        "content_type": 4,
        "object_id": "5",
        "object_repr": "user12",
        "action_flag": 3,
        "change_message": ""
    }
},
{
    "model": "admin.logentry",
    "pk": 5,
    "fields": {
        "action_time": "2020-05-18T16:31:21.631Z",
        "user": 1,
        "content_type": 4,
        "object_id": "6",
        "object_repr": "user1",
        "action_flag": 3,
        "change_message": ""
    }
},
{
    "model": "admin.logentry",
    "pk": 6,
    "fields": {
        "action_time": "2020-05-18T16:33:25.877Z",
        "user": 1,
        "content_type": 4,
        "object_id": "1",
        "object_repr": "admin",
        "action_flag": 2,
        "change_message": "[]"
    }
},
{
    "model": "admin.logentry",
    "pk": 7,
    "fields": {
        "action_time": "2020-05-18T17:28:28.954Z",
        "user": 1,
        "content_type": 4,
        "object_id": "7",
        "object_repr": "user1",
        "action_flag": 3,
        "change_message": ""
    }
},
{
    "model": "admin.logentry",
    "pk": 8,
    "fields": {
        "action_time": "2020-05-18T17:28:28.956Z",
        "user": 1,
        "content_type": 4,
        "object_id": "8",
        "object_repr": "user123",
        "action_flag": 3,
        "change_message": ""
    }
},
{
    "model": "admin.logentry",
    "pk": 9,
    "fields": {
        "action_time": "2020-05-18T17:28:28.958Z",
        "user": 1,
        "content_type": 4,
        "object_id": "9",
        "object_repr": "user1232",
        "action_flag": 3,
        "change_message": ""
    }
},
{
    "model": "admin.logentry",
    "pk": 10,
    "fields": {
        "action_time": "2020-05-18T19:03:14.257Z",
        "user": 1,
        "content_type": 12,
        "object_id": "10",
        "object_repr": "user1",
        "action_flag": 2,
        "change_message": "[{\"changed\": {\"fields\": [\"Verified\"]}}]"
    }
},
{
    "model": "admin.logentry",
    "pk": 11,
    "fields": {
        "action_time": "2020-05-18T19:38:17.549Z",
        "user": 1,
        "content_type": 12,
        "object_id": "10",
        "object_repr": "Profile object (10)",
        "action_flag": 2,
        "change_message": "[{\"changed\": {\"fields\": [\"Verified\"]}}]"
    }
},
{
    "model": "admin.logentry",
    "pk": 12,
    "fields": {
        "action_time": "2020-05-18T19:54:41.368Z",
        "user": 1,
        "content_type": 13,
        "object_id": "1",
        "object_repr": "Feedback object (1)",
        "action_flag": 1,
        "change_message": "[{\"added\": {}}]"
    }
},
{
    "model": "admin.logentry",
    "pk": 13,
    "fields": {
        "action_time": "2020-05-18T19:55:50.954Z",
        "user": 1,
        "content_type": 13,
        "object_id": "1",
        "object_repr": "Feedback object (1)",
        "action_flag": 2,
        "change_message": "[]"
    }
},
{
    "model": "admin.logentry",
    "pk": 14,
    "fields": {
        "action_time": "2020-05-18T19:56:16.232Z",
        "user": 1,
        "content_type": 13,
        "object_id": "1",
        "object_repr": "Feedback object (1)",
        "action_flag": 3,
        "change_message": ""
    }
},
{
    "model": "admin.logentry",
    "pk": 15,
    "fields": {
        "action_time": "2020-05-18T19:56:25.855Z",
        "user": 1,
        "content_type": 13,
        "object_id": "2",
        "object_repr": "Feedback object (2)",
        "action_flag": 1,
        "change_message": "[{\"added\": {}}]"
    }
},
{
    "model": "admin.logentry",
    "pk": 16,
    "fields": {
        "action_time": "2020-05-18T19:58:26.415Z",
        "user": 1,
        "content_type": 13,
        "object_id": "3",
        "object_repr": "Feedback object (3)",
        "action_flag": 1,
        "change_message": "[{\"added\": {}}]"
    }
},
{
    "model": "admin.logentry",
    "pk": 17,
    "fields": {
        "action_time": "2020-05-18T19:59:00.542Z",
        "user": 1,
        "content_type": 13,
        "object_id": "3",
        "object_repr": "Feedback object (3)",
        "action_flag": 3,
        "change_message": ""
    }
},
{
    "model": "admin.logentry",
    "pk": 18,
    "fields": {
        "action_time": "2020-05-18T19:59:00.545Z",
        "user": 1,
        "content_type": 13,
        "object_id": "2",
        "object_repr": "Feedback object (2)",
        "action_flag": 3,
        "change_message": ""
    }
},
{
    "model": "admin.logentry",
    "pk": 19,
    "fields": {
        "action_time": "2020-05-18T19:59:20.748Z",
        "user": 1,
        "content_type": 13,
        "object_id": "4",
        "object_repr": "Feedback object (4)",
        "action_flag": 1,
        "change_message": "[{\"added\": {}}]"
    }
},
{
    "model": "admin.logentry",
    "pk": 20,
    "fields": {
        "action_time": "2020-05-18T20:03:58.217Z",
        "user": 1,
        "content_type": 13,
        "object_id": "4",
        "object_repr": "Feedback object (4)",
        "action_flag": 3,
        "change_message": ""
    }
},
{
    "model": "admin.logentry",
    "pk": 21,
    "fields": {
        "action_time": "2020-05-18T20:19:33.960Z",
        "user": 1,
        "content_type": 13,
        "object_id": "5",
        "object_repr": "Feedback object (5)",
        "action_flag": 1,
        "change_message": "[{\"added\": {}}]"
    }
},
{
    "model": "admin.logentry",
    "pk": 22,
    "fields": {
        "action_time": "2020-05-18T20:23:12.572Z",
        "user": 1,
        "content_type": 13,
        "object_id": "5",
        "object_repr": "Feedback object (5)",
        "action_flag": 3,
        "change_message": ""
    }
},
{
    "model": "admin.logentry",
    "pk": 23,
    "fields": {
        "action_time": "2020-05-18T20:23:27.725Z",
        "user": 1,
        "content_type": 13,
        "object_id": "6",
        "object_repr": "Feedback object (6)",
        "action_flag": 1,
        "change_message": "[{\"added\": {}}]"
    }
},
{
    "model": "admin.logentry",
    "pk": 24,
    "fields": {
        "action_time": "2020-05-18T20:24:16.926Z",
        "user": 1,
        "content_type": 13,
        "object_id": "6",
        "object_repr": "Feedback object (6)",
        "action_flag": 3,
        "change_message": ""
    }
},
{
    "model": "admin.logentry",
    "pk": 25,
    "fields": {
        "action_time": "2020-05-18T20:41:39.543Z",
        "user": 1,
        "content_type": 13,
        "object_id": "7",
        "object_repr": "Feedback object (7)",
        "action_flag": 1,
        "change_message": "[{\"added\": {}}]"
    }
},
{
    "model": "admin.logentry",
    "pk": 26,
    "fields": {
        "action_time": "2020-05-19T10:29:46.958Z",
        "user": 1,
        "content_type": 13,
        "object_id": "7",
        "object_repr": "Feedback object (7)",
        "action_flag": 3,
        "change_message": ""
    }
},
{
    "model": "admin.logentry",
    "pk": 27,
    "fields": {
        "action_time": "2020-05-19T10:30:24.553Z",
        "user": 1,
        "content_type": 13,
        "object_id": "8",
        "object_repr": "Feedback object (8)",
        "action_flag": 1,
        "change_message": "[{\"added\": {}}]"
    }
},
{
    "model": "admin.logentry",
    "pk": 28,
    "fields": {
        "action_time": "2020-05-19T10:31:33.733Z",
        "user": 1,
        "content_type": 12,
        "object_id": "1",
        "object_repr": "Profile object (1)",
        "action_flag": 2,
        "change_message": "[{\"changed\": {\"fields\": [\"Verified\"]}}]"
    }
},
{
    "model": "admin.logentry",
    "pk": 29,
    "fields": {
        "action_time": "2020-05-19T16:22:09.302Z",
        "user": 1,
        "content_type": 4,
        "object_id": "10",
        "object_repr": "user1",
        "action_flag": 3,
        "change_message": ""
    }
},
{
    "model": "admin.logentry",
    "pk": 30,
    "fields": {
        "action_time": "2020-05-19T16:22:09.305Z",
        "user": 1,
        "content_type": 4,
        "object_id": "13",
        "object_repr": "user12",
        "action_flag": 3,
        "change_message": ""
    }
},
{
    "model": "admin.logentry",
    "pk": 31,
    "fields": {
        "action_time": "2020-05-19T16:22:09.306Z",
        "user": 1,
        "content_type": 4,
        "object_id": "11",
        "object_repr": "user123",
        "action_flag": 3,
        "change_message": ""
    }
},
{
    "model": "admin.logentry",
    "pk": 32,
    "fields": {
        "action_time": "2020-05-19T16:22:09.308Z",
        "user": 1,
        "content_type": 4,
        "object_id": "12",
        "object_repr": "user1232",
        "action_flag": 3,
        "change_message": ""
    }
},
{
    "model": "admin.logentry",
    "pk": 33,
    "fields": {
        "action_time": "2020-05-19T16:26:36.856Z",
        "user": 1,
        "content_type": 10,
        "object_id": "1",
        "object_repr": "Course object (1)",
        "action_flag": 1,
        "change_message": "[{\"added\": {}}]"
    }
},
{
    "model": "admin.logentry",
    "pk": 34,
    "fields": {
        "action_time": "2020-05-19T16:26:47.594Z",
        "user": 1,
        "content_type": 10,
        "object_id": "2",
        "object_repr": "Course object (2)",
        "action_flag": 1,
        "change_message": "[{\"added\": {}}]"
    }
},
{
    "model": "admin.logentry",
    "pk": 35,
    "fields": {
        "action_time": "2020-05-19T16:26:52.481Z",
        "user": 1,
        "content_type": 10,
        "object_id": "3",
        "object_repr": "Course object (3)",
        "action_flag": 1,
        "change_message": "[{\"added\": {}}]"
    }
},
{
    "model": "admin.logentry",
    "pk": 36,
    "fields": {
        "action_time": "2020-05-19T16:27:13.294Z",
        "user": 1,
        "content_type": 10,
        "object_id": "4",
        "object_repr": "Course object (4)",
        "action_flag": 1,
        "change_message": "[{\"added\": {}}]"
    }
},
{
    "model": "admin.logentry",
    "pk": 37,
    "fields": {
        "action_time": "2020-05-19T16:27:23.875Z",
        "user": 1,
        "content_type": 10,
        "object_id": "5",
        "object_repr": "Course object (5)",
        "action_flag": 1,
        "change_message": "[{\"added\": {}}]"
    }
},
{
    "model": "admin.logentry",
    "pk": 38,
    "fields": {
        "action_time": "2020-05-19T16:41:15.273Z",
        "user": 1,
        "content_type": 11,
        "object_id": "17",
        "object_repr": "Student object (17)",
        "action_flag": 3,
        "change_message": ""
    }
},
{
    "model": "admin.logentry",
    "pk": 39,
    "fields": {
        "action_time": "2020-05-19T16:42:40.339Z",
        "user": 1,
        "content_type": 11,
        "object_id": "17",
        "object_repr": "Student object (17)",
        "action_flag": 3,
        "change_message": ""
    }
},
{
    "model": "admin.logentry",
    "pk": 40,
    "fields": {
        "action_time": "2020-05-19T16:45:56.399Z",
        "user": 1,
        "content_type": 11,
        "object_id": "17",
        "object_repr": "Student object (17)",
        "action_flag": 3,
        "change_message": ""
    }
},
{
    "model": "admin.logentry",
    "pk": 41,
    "fields": {
        "action_time": "2020-05-19T16:51:31.389Z",
        "user": 1,
        "content_type": 11,
        "object_id": "17",
        "object_repr": "Student object (17)",
        "action_flag": 3,
        "change_message": ""
    }
},
{
    "model": "admin.logentry",
    "pk": 42,
    "fields": {
        "action_time": "2020-05-19T16:52:47.570Z",
        "user": 1,
        "content_type": 11,
        "object_id": "17",
        "object_repr": "Student object (17)",
        "action_flag": 3,
        "change_message": ""
    }
},
{
    "model": "admin.logentry",
    "pk": 43,
    "fields": {
        "action_time": "2020-05-19T17:03:53.480Z",
        "user": 1,
        "content_type": 11,
        "object_id": "17",
        "object_repr": "Student object (17)",
        "action_flag": 3,
        "change_message": ""
    }
},
{
    "model": "admin.logentry",
    "pk": 44,
    "fields": {
        "action_time": "2020-05-19T17:40:49.695Z",
        "user": 1,
        "content_type": 8,
        "object_id": "18",
        "object_repr": "Book object (18)",
        "action_flag": 1,
        "change_message": "[{\"added\": {}}]"
    }
},
{
    "model": "admin.logentry",
    "pk": 45,
    "fields": {
        "action_time": "2020-05-19T17:40:56.573Z",
        "user": 1,
        "content_type": 8,
        "object_id": "19",
        "object_repr": "Book object (19)",
        "action_flag": 1,
        "change_message": "[{\"added\": {}}]"
    }
},
{
    "model": "admin.logentry",
    "pk": 46,
    "fields": {
        "action_time": "2020-05-19T17:41:01.322Z",
        "user": 1,
        "content_type": 8,
        "object_id": "20",
        "object_repr": "Book object (20)",
        "action_flag": 1,
        "change_message": "[{\"added\": {}}]"
    }
},
{
    "model": "admin.logentry",
    "pk": 47,
    "fields": {
        "action_time": "2020-05-19T17:49:31.181Z",
        "user": 1,
        "content_type": 4,
        "object_id": "15",
        "object_repr": "user1",
        "action_flag": 3,
        "change_message": ""
    }
},
{
    "model": "admin.logentry",
    "pk": 48,
    "fields": {
        "action_time": "2020-05-19T17:49:57.055Z",
        "user": 1,
        "content_type": 11,
        "object_id": "17",
        "object_repr": "Student object (17)",
        "action_flag": 2,
        "change_message": "[{\"changed\": {\"fields\": [\"Course\", \"Stbool\"]}}]"
    }
},
{
    "model": "admin.logentry",
    "pk": 49,
    "fields": {
        "action_time": "2020-05-19T18:21:57.708Z",
        "user": 1,
        "content_type": 8,
        "object_id": "21",
        "object_repr": "Book object (21)",
        "action_flag": 2,
        "change_message": "[{\"changed\": {\"fields\": [\"Author\", \"Genre\"]}}]"
    }
},
{
    "model": "admin.logentry",
    "pk": 50,
    "fields": {
        "action_time": "2020-05-19T18:22:05.726Z",
        "user": 1,
        "content_type": 8,
        "object_id": "22",
        "object_repr": "Book object (22)",
        "action_flag": 2,
        "change_message": "[{\"changed\": {\"fields\": [\"Author\", \"Genre\"]}}]"
    }
},
{
    "model": "admin.logentry",
    "pk": 51,
    "fields": {
        "action_time": "2020-05-19T19:26:40.381Z",
        "user": 1,
        "content_type": 8,
        "object_id": "23",
        "object_repr": "Book object (23)",
        "action_flag": 1,
        "change_message": "[{\"added\": {}}]"
    }
},
{
    "model": "admin.logentry",
    "pk": 52,
    "fields": {
        "action_time": "2020-05-19T20:01:42.542Z",
        "user": 1,
        "content_type": 13,
        "object_id": "9",
        "object_repr": "Feedback object (9)",
        "action_flag": 1,
        "change_message": "[{\"added\": {}}]"
    }
},
{
    "model": "admin.logentry",
    "pk": 53,
    "fields": {
        "action_time": "2020-05-19T20:03:25.682Z",
        "user": 1,
        "content_type": 13,
        "object_id": "10",
        "object_repr": "Feedback object (10)",
        "action_flag": 1,
        "change_message": "[{\"added\": {}}]"
    }
},
{
    "model": "admin.logentry",
    "pk": 54,
    "fields": {
        "action_time": "2020-05-19T20:08:14.040Z",
        "user": 1,
        "content_type": 4,
        "object_id": "16",
        "object_repr": "user1",
        "action_flag": 3,
        "change_message": ""
    }
},
{
    "model": "admin.logentry",
    "pk": 55,
    "fields": {
        "action_time": "2020-05-19T20:08:14.042Z",
        "user": 1,
        "content_type": 4,
        "object_id": "18",
        "object_repr": "user123",
        "action_flag": 3,
        "change_message": ""
    }
},
{
    "model": "admin.logentry",
    "pk": 56,
    "fields": {
        "action_time": "2020-05-19T20:08:14.043Z",
        "user": 1,
        "content_type": 4,
        "object_id": "17",
        "object_repr": "user2",
        "action_flag": 3,
        "change_message": ""
    }
},
{
    "model": "admin.logentry",
    "pk": 57,
    "fields": {
        "action_time": "2020-05-19T20:08:41.217Z",
        "user": 1,
        "content_type": 13,
        "object_id": "10",
        "object_repr": "Feedback object (10)",
        "action_flag": 3,
        "change_message": ""
    }
},
{
    "model": "admin.logentry",
    "pk": 58,
    "fields": {
        "action_time": "2020-05-19T20:08:41.219Z",
        "user": 1,
        "content_type": 13,
        "object_id": "9",
        "object_repr": "Feedback object (9)",
        "action_flag": 3,
        "change_message": ""
    }
},
{
    "model": "admin.logentry",
    "pk": 59,
    "fields": {
        "action_time": "2020-05-19T20:08:41.221Z",
        "user": 1,
        "content_type": 13,
        "object_id": "8",
        "object_repr": "Feedback object (8)",
        "action_flag": 3,
        "change_message": ""
    }
},
{
    "model": "admin.logentry",
    "pk": 60,
    "fields": {
        "action_time": "2020-05-19T20:08:50.453Z",
        "user": 1,
        "content_type": 13,
        "object_id": "11",
        "object_repr": "Feedback object (11)",
        "action_flag": 1,
        "change_message": "[{\"added\": {}}]"
    }
},
{
    "model": "admin.logentry",
    "pk": 61,
    "fields": {
        "action_time": "2020-05-19T20:11:06.064Z",
        "user": 1,
        "content_type": 13,
        "object_id": "12",
        "object_repr": "Feedback object (12)",
        "action_flag": 1,
        "change_message": "[{\"added\": {}}]"
    }
},
{
    "model": "admin.logentry",
    "pk": 62,
    "fields": {
        "action_time": "2020-05-19T20:16:03.203Z",
        "user": 1,
        "content_type": 13,
        "object_id": "13",
        "object_repr": "Feedback object (13)",
        "action_flag": 1,
        "change_message": "[{\"added\": {}}]"
    }
},
{
    "model": "admin.logentry",
    "pk": 63,
    "fields": {
        "action_time": "2020-05-19T20:18:25.538Z",
        "user": 1,
        "content_type": 13,
        "object_id": "14",
        "object_repr": "Feedback object (14)",
        "action_flag": 1,
        "change_message": "[{\"added\": {}}]"
    }
},
{
    "model": "admin.logentry",
    "pk": 64,
    "fields": {
        "action_time": "2020-05-19T20:20:02.165Z",
        "user": 1,
        "content_type": 13,
        "object_id": "15",
        "object_repr": "Feedback object (15)",
        "action_flag": 1,
        "change_message": "[{\"added\": {}}]"
    }
},
{
    "model": "admin.logentry",
    "pk": 65,
    "fields": {
        "action_time": "2020-05-19T20:21:59.837Z",
        "user": 1,
        "content_type": 13,
        "object_id": "15",
        "object_repr": "Feedback object (15)",
        "action_flag": 3,
        "change_message": ""
    }
},
{
    "model": "admin.logentry",
    "pk": 66,
    "fields": {
        "action_time": "2020-05-19T20:21:59.843Z",
        "user": 1,
        "content_type": 13,
        "object_id": "14",
        "object_repr": "Feedback object (14)",
        "action_flag": 3,
        "change_message": ""
    }
},
{
    "model": "admin.logentry",
    "pk": 67,
    "fields": {
        "action_time": "2020-05-19T20:21:59.845Z",
        "user": 1,
        "content_type": 13,
        "object_id": "13",
        "object_repr": "Feedback object (13)",
        "action_flag": 3,
        "change_message": ""
    }
},
{
    "model": "admin.logentry",
    "pk": 68,
    "fields": {
        "action_time": "2020-05-19T20:21:59.847Z",
        "user": 1,
        "content_type": 13,
        "object_id": "12",
        "object_repr": "Feedback object (12)",
        "action_flag": 3,
        "change_message": ""
    }
},
{
    "model": "admin.logentry",
    "pk": 69,
    "fields": {
        "action_time": "2020-05-19T20:21:59.848Z",
        "user": 1,
        "content_type": 13,
        "object_id": "11",
        "object_repr": "Feedback object (11)",
        "action_flag": 3,
        "change_message": ""
    }
},
{
    "model": "admin.logentry",
    "pk": 70,
    "fields": {
        "action_time": "2020-05-19T20:22:40.658Z",
        "user": 1,
        "content_type": 13,
        "object_id": "16",
        "object_repr": "Feedback object (16)",
        "action_flag": 1,
        "change_message": "[{\"added\": {}}]"
    }
},
{
    "model": "admin.logentry",
    "pk": 71,
    "fields": {
        "action_time": "2020-05-19T20:27:59.245Z",
        "user": 1,
        "content_type": 13,
        "object_id": "17",
        "object_repr": "Feedback object (17)",
        "action_flag": 1,
        "change_message": "[{\"added\": {}}]"
    }
},
{
    "model": "admin.logentry",
    "pk": 72,
    "fields": {
        "action_time": "2020-05-20T10:00:16.680Z",
        "user": 1,
        "content_type": 8,
        "object_id": "25",
        "object_repr": "Book object (25)",
        "action_flag": 3,
        "change_message": ""
    }
}
]
